{"cameraMode":{"drawMode":0,"name":"Shaded","section":"Shading Mode"},"sceneLighting":true,"audioPlay":false,"sceneViewState":{"showFog":true,"showMaterialUpdate":false,"showSkybox":true,"showFlares":true,"showImageEffects":true,"showParticleSystems":true},"in2DMode":false,"pivot":{"x":666.9999389648438,"y":374.9999694824219,"z":0.0},"rotation":{"x":-0.06925315409898758,"y":-0.005389490630477667,"z":0.00037413285463117063,"w":-0.9975845217704773},"size":2441.800537109375,"orthographic":false}